{"cameraMode":{"drawMode":0,"name":"Shaded","section":"Shading Mode"},"sceneLighting":true,"audioPlay":false,"sceneViewState":{"m_AlwaysRefresh":false,"showFog":true,"showSkybox":true,"showFlares":true,"showImageEffects":true,"showParticleSystems":true,"showVisualEffectGraphs":true,"m_FxEnabled":true},"in2DMode":false,"pivot":{"x":-2.6119704246520998,"y":0.1357412338256836,"z":-4.6117730140686039},"rotation":{"x":0.02465084381401539,"y":0.9753846526145935,"z":-0.14320695400238038,"w":0.1666325181722641},"size":16.832101821899415,"orthographic":true}